{"loss": 0.24916480051937828, "_runtime": 135, "_timestamp": 1639503407, "_step": 6037, "gradients/fc.bias": {"_type": "histogram", "values": [1.0, 0.0, 0.0, 0.0, 1.0, 0.0, 0.0, 0.0, 0.0, 0.0, 1.0, 0.0, 0.0, 0.0, 0.0, 0.0, 0.0, 1.0, 0.0, 0.0, 0.0, 0.0, 0.0, 0.0, 0.0, 0.0, 0.0, 2.0, 1.0, 1.0, 0.0, 0.0, 0.0, 0.0, 0.0, 0.0, 0.0, 0.0, 0.0, 0.0, 0.0, 1.0, 0.0, 1.0, 1.0, 0.0, 0.0, 0.0, 0.0, 0.0, 0.0, 0.0, 0.0, 0.0, 0.0, 0.0, 1.0, 1.0, 0.0, 0.0, 0.0, 0.0, 1.0, 1.0], "bins": [-0.040151238441467285, -0.03945650905370712, -0.03876178339123726, -0.038067057728767395, -0.03737232834100723, -0.03667759895324707, -0.035982873290777206, -0.03528814762830734, -0.03459341824054718, -0.03389868885278702, -0.033203963190317154, -0.03250923752784729, -0.03181450814008713, -0.031119780614972115, -0.0304250530898571, -0.02973032556474209, -0.029035598039627075, -0.028340870514512062, -0.02764614298939705, -0.026951415464282036, -0.026256687939167023, -0.02556196041405201, -0.024867232888936996, -0.024172505363821983, -0.02347777783870697, -0.022783050313591957, -0.022088322788476944, -0.02139359526336193, -0.020698867738246918, -0.020004140213131905, -0.01930941268801689, -0.01861468516290188, -0.017919957637786865, -0.017225230112671852, -0.01653050258755684, -0.015835775062441826, -0.015141047537326813, -0.0144463200122118, -0.013751592487096786, -0.013056864961981773, -0.012362136505544186, -0.011667408980429173, -0.01097268145531416, -0.010277953930199146, -0.009583226405084133, -0.00888849887996912, -0.008193771354854107, -0.007499043829739094, -0.006804316304624081, -0.0061095887795090675, -0.005414861254394054, -0.004720133729279041, -0.004025406204164028, -0.003330678679049015, -0.002635951153934002, -0.0019412236288189888, -0.0012464961037039757, -0.0005517685785889626, 0.00014295894652605057, 0.0008376864716410637, 0.0015324139967560768, 0.00222714152187109, 0.002921869046986103, 0.003616596572101116, 0.004311324097216129]}, "gradients/fc.weight": {"_type": "histogram", "values": [2.0, 0.0, 2.0, 0.0, 2.0, 4.0, 4.0, 7.0, 8.0, 8.0, 9.0, 8.0, 12.0, 14.0, 16.0, 17.0, 15.0, 42.0, 44.0, 41.0, 44.0, 46.0, 75.0, 108.0, 118.0, 178.0, 226.0, 396.0, 913.0, 3175.0, 862.0, 401.0, 222.0, 132.0, 121.0, 80.0, 57.0, 47.0, 40.0, 43.0, 27.0, 20.0, 19.0, 10.0, 11.0, 6.0, 9.0, 10.0, 3.0, 9.0, 3.0, 2.0, 3.0, 2.0, 2.0, 1.0, 0.0, 1.0, 1.0, 0.0, 0.0, 1.0, 0.0, 1.0], "bins": [-0.0002692850539460778, -0.00026016143965534866, -0.0002510378253646195, -0.00024191421107389033, -0.00023279059678316116, -0.000223666982492432, -0.0002145433536497876, -0.00020541973935905844, -0.00019629612506832927, -0.0001871725107776001, -0.00017804889648687094, -0.00016892528219614178, -0.00015980165335349739, -0.00015067803906276822, -0.00014155442477203906, -0.0001324308104813099, -0.00012330719619058073, -0.00011418358189985156, -0.0001050599676091224, -9.593634604243562e-05, -8.681273175170645e-05, -7.768911746097729e-05, -6.856549589429051e-05, -5.944188160356134e-05, -5.031826731283218e-05, -4.119465302210301e-05, -3.207103509339504e-05, -2.294741898367647e-05, -1.3823802873957902e-05, -4.700188583228737e-06, 4.423429345479235e-06, 1.3547047274187207e-05, 2.2670632461085916e-05, 3.179424675181508e-05, 4.091786468052305e-05, 5.0041482609231025e-05, 5.916509689996019e-05, 6.828871119068936e-05, 7.741233275737613e-05, 8.65359470481053e-05, 9.565956133883446e-05, 0.00010478317562956363, 0.0001139067899202928, 0.00012303040421102196, 0.00013215403305366635, 0.00014127764734439552, 0.00015040126163512468, 0.00015952487592585385, 0.000168648490216583, 0.00017777210450731218, 0.00018689571879804134, 0.0001960193330887705, 0.00020514294737949967, 0.00021426656167022884, 0.00022339019051287323, 0.0002325138048036024, 0.00024163741909433156, 0.00025076104793697596, 0.0002598846622277051, 0.0002690082765184343, 0.00027813189080916345, 0.0002872555050998926, 0.0002963791193906218, 0.00030550273368135095, 0.0003146263479720801]}, "gradients/lstm.bias_hh_l1": {"_type": "histogram", "values": [1.0, 0.0, 1.0, 0.0, 1.0, 2.0, 0.0, 1.0, 1.0, 3.0, 1.0, 0.0, 1.0, 3.0, 1.0, 2.0, 1.0, 8.0, 3.0, 3.0, 7.0, 11.0, 19.0, 34.0, 43.0, 77.0, 196.0, 1332.0, 152.0, 38.0, 35.0, 18.0, 17.0, 9.0, 10.0, 1.0, 2.0, 3.0, 1.0, 0.0, 2.0, 0.0, 3.0, 3.0, 1.0, 0.0, 0.0, 0.0, 0.0, 0.0, 0.0, 0.0, 0.0, 0.0, 0.0, 0.0, 0.0, 0.0, 0.0, 0.0, 0.0, 0.0, 0.0, 1.0], "bins": [-0.0007468631374649704, -0.0007197743398137391, -0.0006926854839548469, -0.0006655966863036156, -0.0006385078304447234, -0.0006114190327934921, -0.0005843301769345999, -0.0005572413792833686, -0.0005301525816321373, -0.000503063783980906, -0.0004759749281220138, -0.0004488861304707825, -0.0004217972746118903, -0.000394708476960659, -0.0003676196502055973, -0.00034053082345053554, -0.00031344196759164333, -0.0002863531408365816, -0.00025926431408151984, -0.00023217550187837332, -0.00020508667512331158, -0.00017799784836824983, -0.00015090903616510332, -0.00012382020941004157, -9.673141175881028e-05, -6.964258500374854e-05, -4.2553765524644405e-05, -1.5464946045540273e-05, 1.1623880709521472e-05, 3.871270746458322e-05, 6.580151966772974e-05, 9.289034642279148e-05, 0.0001199792604893446, 0.00014706808724440634, 0.0001741569139994681, 0.0002012457262026146, 0.00022833455295767635, 0.00025542336516082287, 0.0002825121919158846, 0.00030960101867094636, 0.00033668987452983856, 0.0003637787012849003, 0.00039086752803996205, 0.00041795632569119334, 0.00044504518155008554, 0.00047213397920131683, 0.0004992227768525481, 0.0005263116327114403, 0.0005534004303626716, 0.0005804892280139029, 0.0006075780838727951, 0.0006346668815240264, 0.0006617557373829186, 0.0006888445350341499, 0.0007159333908930421, 0.0007430221885442734, 0.0007701109861955047, 0.000797199783846736, 0.0008242886397056282, 0.0008513774373568594, 0.0008784662932157516, 0.0009055550908669829, 0.0009326438885182142, 0.0009597327443771064, 0.0009868216002359986]}, "gradients/lstm.weight_hh_l1": {"_type": "histogram", "values": [0.0, 0.0, 0.0, 0.0, 0.0, 0.0, 0.0, 0.0, 0.0, 0.0, 0.0, 0.0, 0.0, 0.0, 0.0, 0.0, 0.0, 0.0, 0.0, 0.0, 0.0, 0.0, 0.0, 0.0, 0.0, 0.0, 0.0, 0.0, 0.0, 0.0, 0.0, 0.0, 1048576.0, 0.0, 0.0, 0.0, 0.0, 0.0, 0.0, 0.0, 0.0, 0.0, 0.0, 0.0, 0.0, 0.0, 0.0, 0.0, 0.0, 0.0, 0.0, 0.0, 0.0, 0.0, 0.0, 0.0, 0.0, 0.0, 0.0, 0.0, 0.0, 0.0, 0.0, 0.0], "bins": [0.0, 0.0, 0.0, 0.0, 0.0, 0.0, 0.0, 0.0, 0.0, 0.0, 0.0, 0.0, 0.0, 0.0, 0.0, 0.0, 0.0, 0.0, 0.0, 0.0, 0.0, 0.0, 0.0, 0.0, 0.0, 0.0, 0.0, 0.0, 0.0, 0.0, 0.0, 0.0, 0.0, 0.0, 0.0, 0.0, 0.0, 0.0, 0.0, 0.0, 0.0, 0.0, 0.0, 0.0, 0.0, 0.0, 0.0, 0.0, 0.0, 0.0, 0.0, 0.0, 0.0, 0.0, 0.0, 0.0, 0.0, 0.0, 0.0, 0.0, 0.0, 0.0, 0.0, 0.0, 0.0]}, "gradients/lstm.bias_ih_l1": {"_type": "histogram", "values": [1.0, 0.0, 1.0, 0.0, 1.0, 2.0, 0.0, 1.0, 1.0, 3.0, 1.0, 0.0, 1.0, 3.0, 1.0, 2.0, 1.0, 8.0, 3.0, 3.0, 7.0, 11.0, 19.0, 34.0, 43.0, 77.0, 196.0, 1332.0, 152.0, 38.0, 35.0, 18.0, 17.0, 9.0, 10.0, 1.0, 2.0, 3.0, 1.0, 0.0, 2.0, 0.0, 3.0, 3.0, 1.0, 0.0, 0.0, 0.0, 0.0, 0.0, 0.0, 0.0, 0.0, 0.0, 0.0, 0.0, 0.0, 0.0, 0.0, 0.0, 0.0, 0.0, 0.0, 1.0],